PLAYER_NAME,DATE,GAME,TEAM,OPPONENT,MIN,PTS,REB,AST,STL,BLK,FGM,FGA,FG%,3PM,3PA,3P%,FTM,FTA,FT%,TS%,OREB,DREB,TOV,PF,+/-
MYLES TURNER,3/20/2025,1,IND,BKN,40,23,10,1,1,5,8,11,72.7,2,5,40.0,5,5,100.0,87.1,2,8,3,2,+13
MYLES TURNER,3/22/2025,2,IND,BKN,32,22,8,0,1,3,8,14,57.1,5,10,50.0,1,2,50.0,73.9,1,7,1,4,+2
MYLES TURNER,3/24/2025,3,IND,MIN,29,7,9,1,2,4,3,10,30.0,1,5,20.0,0,0,,35.0,0,9,2,1,+9
MYLES TURNER,3/26/2025,4,IND,LAL,35,16,12,1,1,1,6,9,66.7,4,5,80.0,0,0,,88.9,0,12,1,4,+10
MYLES TURNER,3/27/2025,5,IND,WAS,21,17,5,2,0,0,5,7,71.4,4,6,66.7,3,4,75.0,97.0,0,5,1,2,+21
MYLES TURNER,3/29/2025,6,IND,OKC,20,11,5,1,0,0,2,6,33.3,0,1,0.0,7,10,70.0,52.9,2,3,3,0,-1
MYLES TURNER,4/2/2025,7,IND,CHA,29,15,9,2,0,2,6,10,60.0,3,7,42.9,0,0,,75.0,3,6,2,4,+3
MYLES TURNER,4/4/2025,8,IND,UTA,27,26,7,1,0,6,9,17,52.9,3,7,42.9,5,8,62.5,63.4,2,5,1,3,+3
MYLES TURNER,4/6/2025,9,IND,DEN,31,24,2,1,0,3,8,16,50.0,4,10,40.0,4,4,100.0,67.6,0,2,0,1,+3
MYLES TURNER,4/8/2025,10,IND,WAS,35,14,11,1,0,5,4,13,30.8,1,7,14.3,5,8,62.5,42.4,4,7,2,0,-5
AARON NESMITH,3/22/2025,1,IND,BKN,22,6,3,1,0,1,2,6,33.3,2,4,50.0,0,0,,50.0,1,2,2,1,+4
AARON NESMITH,3/24/2025,2,IND,MIN,24,17,7,1,0,0,7,9,77.8,3,3,100.0,0,0,,94.4,2,5,0,1,+16
AARON NESMITH,3/26/2025,3,IND,LAL,21,13,1,2,3,0,5,9,55.6,3,6,50.0,0,0,,72.2,0,1,1,3,-7
AARON NESMITH,3/27/2025,4,IND,WAS,19,11,4,0,0,0,4,7,57.1,3,5,60.0,0,0,,78.6,1,3,2,2,+12
AARON NESMITH,3/29/2025,5,IND,OKC,22,7,4,0,1,1,3,8,37.5,1,3,33.3,0,0,,43.8,2,2,0,4,-7
AARON NESMITH,3/31/2025,6,IND,SAC,35,24,6,0,1,2,7,16,43.8,1,8,12.5,9,9,100.0,60.1,0,6,1,3,+13
AARON NESMITH,4/2/2025,7,IND,CHA,26,16,3,1,1,0,6,12,50.0,3,9,33.3,1,1,100.0,64.3,2,1,0,1,-7
AARON NESMITH,4/4/2025,8,IND,UTA,20,12,3,0,0,0,5,7,71.4,2,2,100.0,0,1,0.0,80.6,1,2,1,2,+14
AARON NESMITH,4/6/2025,9,IND,DEN,30,17,6,0,3,1,5,10,50.0,3,5,60.0,4,4,100.0,72.3,2,4,0,1,+7
AARON NESMITH,4/8/2025,10,IND,WAS,29,7,6,1,1,0,2,6,33.3,1,3,33.3,2,2,100.0,50.9,0,6,1,3,-1
ISAAC OKORO,3/21/2025,1,CLE,PHX,14,10,1,1,0,0,3,6,50.0,2,5,40.0,2,2,100.0,72.7,1,0,0,1,+5
ISAAC OKORO,3/23/2025,2,CLE,UTA,20,6,0,0,1,0,1,4,25.0,0,2,0.0,4,4,100.0,52.1,0,0,0,2,+8
ISAAC OKORO,3/25/2025,3,CLE,POR,17,2,4,3,1,0,1,3,33.3,0,2,0.0,0,0,,33.3,2,2,0,1,+7
ISAAC OKORO,3/27/2025,4,CLE,SAS,19,9,4,1,0,0,4,7,57.1,1,2,50.0,0,0,,64.3,0,4,0,1,+10
ISAAC OKORO,3/28/2025,5,CLE,DET,25,7,3,0,0,0,1,2,50.0,0,1,0.0,5,8,62.5,63.4,1,2,0,4,-9
ISAAC OKORO,3/30/2025,6,CLE,LAC,11,11,0,0,0,0,4,5,80.0,3,4,75.0,0,0,,110.0,0,0,0,1,-10
ISAAC OKORO,4/2/2025,7,CLE,NYK,23,11,6,2,2,0,5,10,50.0,1,6,16.7,0,0,,55.0,2,4,1,0,+13
ISAAC OKORO,4/4/2025,8,CLE,SAS,20,6,4,0,0,0,3,6,50.0,0,2,0.0,0,0,,50.0,1,3,0,1,+6
ISAAC OKORO,4/6/2025,9,CLE,SAC,18,7,2,1,2,0,3,3,100.0,1,1,100.0,0,0,,116.7,2,0,1,1,+20
ISAAC OKORO,4/8/2025,10,CLE,CHI,20,2,5,0,0,0,1,5,20.0,0,2,0.0,0,0,,20.0,1,4,0,1,+2
JALEN BRUNSON,2/20/2025,1,NYK,CHI,38,22,3,12,1,1,8,21,38.1,2,9,22.2,4,4,100.0,48.3,0,3,2,1,+3
JALEN BRUNSON,2/21/2025,2,NYK,CLE,28,26,4,4,1,0,10,17,58.8,2,4,50.0,4,4,100.0,69.3,0,4,3,3,-17
JALEN BRUNSON,2/23/2025,3,NYK,BOS,38,22,3,4,1,0,9,19,47.4,4,9,44.4,0,0,,57.9,0,3,4,0,-9
JALEN BRUNSON,2/26/2025,4,NYK,PHI,36,34,3,7,1,0,8,17,47.1,3,5,60.0,15,16,93.8,70.7,0,3,2,1,+3
JALEN BRUNSON,2/28/2025,5,NYK,MEM,36,23,7,6,3,1,10,23,43.5,2,6,33.3,1,1,100.0,49.1,1,6,3,1,-2
JALEN BRUNSON,3/2/2025,6,NYK,MIA,42,31,5,6,2,0,13,25,52.0,3,11,27.3,2,4,50.0,57.9,1,4,3,5,+12
JALEN BRUNSON,3/4/2025,7,NYK,GSW,37,25,2,7,1,0,9,18,50.0,1,7,14.3,6,7,85.7,59.3,0,2,4,1,-15
JALEN BRUNSON,3/6/2025,8,NYK,LAL,41,39,4,10,0,0,13,26,50.0,1,7,14.3,12,13,92.3,61.5,0,4,3,2,-8
JALEN BRUNSON,4/6/2025,9,NYK,PHX,34,15,2,6,1,0,3,9,33.3,1,4,25.0,8,10,80.0,56.0,0,2,3,2,+9
JALEN BRUNSON,4/8/2025,10,NYK,BOS,38,27,1,10,0,0,10,21,47.6,5,12,41.7,2,2,100.0,61.7,0,1,2,1,-2
CADE CUNNINGHAM,3/8/2025,1,DET,GSW,38,31,4,5,2,2,10,17,58.8,2,3,66.7,9,10,90.0,72.4,0,4,9,2,+4
CADE CUNNINGHAM,3/9/2025,2,DET,POR,36,28,4,5,0,0,9,17,52.9,2,4,50.0,8,9,88.9,66.8,1,3,8,3,+9
CADE CUNNINGHAM,3/11/2025,3,DET,WAS,32,27,8,10,1,0,11,23,47.8,1,5,20.0,4,5,80.0,53.6,1,7,3,5,+16
CADE CUNNINGHAM,3/13/2025,4,DET,WAS,38,38,3,10,2,2,9,25,36.0,0,7,0.0,20,21,95.2,55.5,0,3,4,5,+5
CADE CUNNINGHAM,3/15/2025,5,DET,OKC,29,11,7,9,0,0,5,18,27.8,0,4,0.0,1,1,100.0,29.8,0,7,3,0,-28
CADE CUNNINGHAM,3/17/2025,6,DET,NOP,30,24,4,8,1,0,10,16,62.5,1,2,50.0,3,4,75.0,67.6,0,4,4,3,+21
CADE CUNNINGHAM,3/19/2025,7,DET,MIA,36,25,12,11,1,2,11,25,44.0,3,4,75.0,0,0,,50.0,4,8,5,3,-3
CADE CUNNINGHAM,3/21/2025,8,DET,DAL,38,35,7,6,1,0,15,30,50.0,2,5,40.0,3,5,60.0,54.3,1,6,2,4,-5
CADE CUNNINGHAM,4/5/2025,9,DET,MEM,28,25,9,4,0,1,9,24,37.5,2,6,33.3,5,7,71.4,46.2,1,8,2,4,-3
CADE CUNNINGHAM,4/7/2025,10,DET,SAC,33,35,3,5,2,0,13,21,61.9,1,4,25.0,8,11,72.7,67.7,1,2,4,2,-9
MIKAL BRIDGES,3/22/2025,1,NYK,WAS,38,27,6,4,3,1,10,20,50.0,4,8,50.0,3,3,100.0,63.3,3,3,5,0,+25
MIKAL BRIDGES,3/25/2025,2,NYK,DAL,34,21,1,1,0,1,9,14,64.3,2,4,50.0,1,1,100.0,72.7,0,1,1,2,+17
MIKAL BRIDGES,3/26/2025,3,NYK,LAC,40,17,4,9,1,0,7,16,43.8,1,5,20.0,2,2,100.0,50.4,0,4,2,2,+2
MIKAL BRIDGES,3/28/2025,4,NYK,MIL,38,26,3,5,2,0,12,24,50.0,2,6,33.3,0,0,,54.2,0,3,1,0,+3
MIKAL BRIDGES,3/30/2025,5,NYK,POR,40,28,2,7,0,1,12,22,54.5,2,6,33.3,2,2,100.0,61.2,0,2,3,4,+14
MIKAL BRIDGES,4/1/2025,6,NYK,PHI,36,14,2,4,0,0,6,16,37.5,2,6,33.3,0,0,,43.8,1,1,2,3,+23
MIKAL BRIDGES,4/2/2025,7,NYK,CLE,36,8,2,3,1,0,3,6,50.0,0,1,0.0,2,2,100.0,58.1,1,1,2,3,-18
MIKAL BRIDGES,4/5/2025,8,NYK,ATL,33,20,3,5,0,0,9,13,69.2,2,3,66.7,0,0,,76.9,1,2,1,2,+24
MIKAL BRIDGES,4/6/2025,9,NYK,PHX,39,22,6,4,0,1,8,14,57.1,2,3,66.7,4,4,100.0,69.8,0,6,2,1,+11
MIKAL BRIDGES,4/8/2025,10,NYK,BOS,38,14,4,4,0,1,6,15,40.0,2,6,33.3,0,0,,46.7,1,3,2,4,-2
KARL ANTHONY TOWNS,3/20/2025,1,NYK,CHA,36,24,10,3,0,0,10,21,47.6,2,4,50.0,2,2,100.0,54.8,1,9,1,2,-15
KARL ANTHONY TOWNS,3/22/2025,2,NYK,WAS,37,31,11,1,2,1,10,20,50.0,1,5,20.0,10,13,76.9,60.3,0,11,3,2,+21
KARL ANTHONY TOWNS,3/25/2025,3,NYK,DAL,34,26,12,11,1,0,10,19,52.6,2,7,28.6,4,8,50.0,57.7,2,10,3,3,+23
KARL ANTHONY TOWNS,3/26/2025,4,NYK,LAC,39,34,14,4,2,0,11,20,55.0,4,7,57.1,8,10,80.0,69.7,1,13,4,2,+2
KARL ANTHONY TOWNS,3/28/2025,5,NYK,MIL,32,14,10,1,2,0,6,16,37.5,1,3,33.3,1,1,100.0,42.6,4,6,3,5,+9
KARL ANTHONY TOWNS,3/30/2025,6,NYK,POR,32,10,11,2,1,2,4,13,30.8,1,2,50.0,1,1,100.0,37.2,3,8,2,3,+1
KARL ANTHONY TOWNS,4/2/2025,7,NYK,CLE,34,25,13,1,0,0,9,16,56.3,1,3,33.3,6,7,85.7,65.5,3,10,7,5,-9
KARL ANTHONY TOWNS,4/5/2025,8,NYK,ATL,33,30,11,3,0,0,10,15,66.7,2,3,66.7,8,9,88.9,79.1,2,9,3,1,+27
KARL ANTHONY TOWNS,4/6/2025,9,NYK,PHX,36,19,13,1,1,1,7,13,53.8,0,3,0.0,5,6,83.3,60.7,2,11,1,3,+16
KARL ANTHONY TOWNS,4/8/2025,10,NYK,BOS,43,34,14,2,1,1,14,21,66.7,1,3,33.3,5,7,71.4,70.6,2,12,0,4,+1
DENNIS SCHRODER,3/19/2025,1,DET,MIA,19,8,1,3,0,1,1,8,12.5,0,2,0.0,6,6,100.0,37.6,0,1,0,0,-1
DENNIS SCHRODER,3/21/2025,2,DET,DAL,31,11,3,4,1,0,3,7,42.9,2,4,50.0,3,4,75.0,62.8,0,3,4,2,+11
DENNIS SCHRODER,3/23/2025,3,DET,NOP,35,16,1,5,2,0,4,12,33.3,1,5,20.0,7,8,87.5,51.5,1,0,1,2,-3
DENNIS SCHRODER,3/25/2025,4,DET,SAS,23,7,2,6,0,0,2,6,33.3,0,1,0.0,3,3,100.0,47.8,0,2,0,4,+7
DENNIS SCHRODER,3/28/2025,5,DET,CLE,39,17,7,10,1,0,5,14,35.7,1,5,20.0,6,7,85.7,49.8,2,5,2,5,+16
DENNIS SCHRODER,3/30/2025,6,DET,MIN,33,11,4,11,0,0,3,12,25.0,0,4,0.0,5,6,83.3,37.6,0,4,0,4,-14
DENNIS SCHRODER,4/2/2025,7,DET,OKC,40,15,4,7,0,0,6,18,33.3,1,7,14.3,2,2,100.0,39.7,0,4,2,4,-18
DENNIS SCHRODER,4/4/2025,8,DET,TOR,36,16,4,7,1,0,5,13,38.5,1,5,20.0,5,6,83.3,51.2,1,3,5,0,+8
DENNIS SCHRODER,4/5/2025,9,DET,MEM,30,10,2,4,0,0,3,8,37.5,2,4,50.0,2,2,100.0,56.3,0,2,0,1,+4
DENNIS SCHRODER,4/7/2025,10,DET,SAC,32,5,3,2,0,0,1,4,25.0,1,2,50.0,2,4,50.0,43.4,1,2,1,2,-19
TRAE YOUNG,3/22/2025,1,ATL,GSW,35,25,5,10,1,0,9,15,60.0,1,4,25.0,6,7,85.7,69.1,0,5,4,0,+3
TRAE YOUNG,3/23/2025,2,ATL,PHI,33,28,1,12,1,0,7,12,58.3,4,6,66.7,10,11,90.9,83.1,0,1,5,1,+11
TRAE YOUNG,3/25/2025,3,ATL,HOU,39,19,2,12,1,0,7,17,41.2,3,7,42.9,2,2,100.0,53.1,1,1,5,2,-18
TRAE YOUNG,3/27/2025,4,ATL,MIA,36,29,2,12,2,0,10,21,47.6,6,12,50.0,3,3,100.0,65.0,0,2,5,1,-20
TRAE YOUNG,3/30/2025,5,ATL,MIL,37,19,3,19,2,0,4,16,25.0,2,9,22.2,9,11,81.8,45.6,0,3,2,3,+13
TRAE YOUNG,4/1/2025,6,ATL,POR,36,29,4,15,3,0,7,20,35.0,3,7,42.9,12,13,92.3,56.4,1,3,4,3,-8
TRAE YOUNG,4/2/2025,7,ATL,DAL,40,25,4,12,1,0,8,20,40.0,2,9,22.2,7,7,100.0,54.2,1,3,5,2,-1
TRAE YOUNG,4/5/2025,8,ATL,NYK,32,16,1,9,1,0,5,15,33.3,3,7,42.9,3,3,100.0,49.0,0,1,3,1,-22
TRAE YOUNG,4/6/2025,9,ATL,UTA,37,23,5,15,1,1,8,16,50.0,4,9,44.4,3,4,75.0,64.8,1,4,3,2,0
TRAE YOUNG,4/8/2025,10,ATL,ORL,37,28,1,10,1,0,10,20,50.0,3,9,33.3,5,6,83.3,61.8,0,1,3,3,-5
CHRIS LEVERT,3/22/2025,1,ATL,GSW,24,14,2,6,0,0,6,11,54.5,1,5,20.0,1,3,33.3,56.8,0,2,1,4,+8
CHRIS LEVERT,3/23/2025,2,ATL,PHI,28,7,3,7,1,1,3,11,27.3,1,5,20.0,0,1,0.0,30.6,1,2,1,2,+10
CHRIS LEVERT,3/25/2025,3,ATL,HOU,20,5,1,0,1,0,2,9,22.2,1,5,20.0,0,0,,27.8,1,0,0,0,-7
CHRIS LEVERT,3/27/2025,4,ATL,MIA,28,17,5,3,1,0,6,12,50.0,2,6,33.3,3,4,75.0,61.8,1,4,1,1,+6
CHRIS LEVERT,3/30/2025,5,ATL,MIL,23,9,3,1,0,2,4,9,44.4,1,6,16.7,0,0,,50.0,0,3,0,2,+8
CHRIS LEVERT,4/1/2025,6,ATL,POR,26,10,2,0,1,1,3,10,30.0,0,3,0.0,4,6,66.7,39.6,1,1,3,4,+1
CHRIS LEVERT,4/2/2025,7,ATL,DAL,24,14,4,5,0,0,4,10,40.0,1,4,25.0,5,6,83.3,55.4,1,3,2,1,0
CHRIS LEVERT,4/5/2025,8,ATL,NYK,20,14,4,3,3,1,6,11,54.5,1,4,25.0,1,1,100.0,61.2,1,3,0,0,-13
CHRIS LEVERT,4/6/2025,9,ATL,UTA,28,21,5,6,1,0,7,14,50.0,3,5,60.0,4,5,80.0,64.8,1,4,2,1,+6
CHRIS LEVERT,4/8/2025,10,ATL,ORL,30,13,6,0,0,0,4,11,36.4,2,6,33.3,3,3,100.0,52.8,1,5,2,3,-11
NICOLAS CLAXTON,10,1,,,11.2,7.9,2.4,0.9,1.2,5.1,8.3,61.4,0.3,0.4,75.0,0.7,1.8,38.9,61.6,2.7,5.2,1.6,264,112,79
NICOLAS CLAXTON,10,2,,,4.9,2.3,0.3,0.5,0.3,1.6,2.6,61.5,1.5,2.5,60.0,0.2,0.3,66.7,89.7,0.2,2.1,0.4,147,49,23
NICOLAS CLAXTON,14,1,,,.825,,,,,,,,,,,,,,,,,,,,
NICOLAS CLAXTON,28,2,,,.650,14.0,,,,,,,,,,,,,,,,,,,
NICOLAS CLAXTON,31,3,,,.613,17.0,,,,,,,,,,,,,,,,,,,
NICOLAS CLAXTON,32,4,,,.600,18.0,,,,,,,,,,,,,,,,,,,
NICOLAS CLAXTON,32,5,,,.600,18.0,,,,,,,,,,,,,,,,,,,
NICOLAS CLAXTON,32,6,,,.595,18.5,,,,,,,,,,,,,,,,,,,
NICOLAS CLAXTON,16,1,,,.797,,,,,,,,,,,,,,,,,,,,
NICOLAS CLAXTON,21,2,,,.738,4.5,,,,,,,,,,,,,,,,,,,
DREW TIMME,3/28/2025,1,BKN,LAC,25,11,10,1,0,0,4,6,66.7,1,3,33.3,2,3,66.7,75.1,4,6,3,1,-13
DREW TIMME,3/29/2025,2,BKN,WAS,29,19,6,3,0,0,9,14,64.3,0,3,0.0,1,1,100.0,65.8,3,3,1,2,-12
DREW TIMME,3/31/2025,3,BKN,DAL,21,9,3,1,0,1,4,8,50.0,1,3,33.3,0,0,,56.3,1,2,1,4,-4
DREW TIMME,4/3/2025,4,BKN,MIN,24,6,1,2,3,0,3,9,33.3,0,2,0.0,0,0,,33.3,0,1,1,1,-3
DREW TIMME,4/6/2025,5,BKN,TOR,26,13,7,2,1,0,5,12,41.7,1,4,25.0,2,2,100.0,50.5,2,5,2,1,-12
DREW TIMME,4/8/2025,6,BKN,NOP,29,16,9,1,0,0,7,10,70.0,1,1,100.0,1,3,33.3,70.7,0,9,1,3,-8
DREW TIMME,44,10,,,.450,27.5,,,,,,,,,,,,,,,,,,,
DREW TIMME,50,11,,,.375,33.5,,,,,,,,,,,,,,,,,,,
DREW TIMME,53,12,,,.329,37.0,,,,,,,,,,,,,,,,,,,
DREW TIMME,56,13,,,.300,39.5,,,,,,,,,,,,,,,,,,,
BROOKE LOPEZ,3/22/2025,1,MIL,SAC,36,21,3,2,1,1,8,15,53.3,3,6,50.0,2,3,66.7,64.3,2,1,1,2,+5
BROOKE LOPEZ,3/24/2025,2,MIL,PHX,42,23,10,3,2,0,8,14,57.1,2,6,33.3,5,6,83.3,69.1,4,6,1,0,+5
BROOKE LOPEZ,3/26/2025,3,MIL,DEN,38,26,7,3,1,3,12,17,70.6,2,5,40.0,0,0,,76.5,5,2,1,3,-14
BROOKE LOPEZ,3/28/2025,4,MIL,NYK,34,7,5,6,0,2,3,5,60.0,1,2,50.0,0,2,0.0,59.5,2,3,2,2,-8
BROOKE LOPEZ,3/30/2025,5,MIL,ATL,30,5,1,1,1,1,2,4,50.0,0,2,0.0,1,2,50.0,51.2,0,1,1,1,-11
BROOKE LOPEZ,4/1/2025,6,MIL,PHX,38,22,6,6,0,1,10,13,76.9,2,3,66.7,0,0,,84.6,0,6,4,4,+15
BROOKE LOPEZ,4/3/2025,7,MIL,PHI,31,17,3,1,0,3,7,11,63.6,2,3,66.7,1,3,33.3,69.0,2,1,0,4,+9
BROOKE LOPEZ,4/5/2025,8,MIL,MIA,30,17,5,0,0,1,7,11,63.6,1,4,25.0,2,2,100.0,71.5,0,5,1,4,-1
BROOKE LOPEZ,4/6/2025,9,MIL,NOP,34,20,12,3,0,4,8,16,50.0,2,6,33.3,2,2,100.0,59.2,5,7,0,0,+8
BROOKE LOPEZ,4/8/2025,10,MIL,MIN,28,10,2,1,0,0,4,9,44.4,2,5,40.0,0,0,,55.6,0,2,2,2,-18
ANTONIO REEVES,3/17/2025,1,NOP,DET,17,3,0,0,1,0,1,6,16.7,1,4,25.0,0,0,,25.0,0,0,3,1,-22
ANTONIO REEVES,3/21/2025,2,NOP,MIN,12,11,0,0,1,0,5,5,100.0,1,1,100.0,0,0,,110.0,0,0,1,0,-17
ANTONIO REEVES,3/23/2025,3,NOP,DET,3,3,0,0,0,0,1,1,100.0,1,1,100.0,0,0,,150.0,0,0,0,1,-3
ANTONIO REEVES,3/24/2025,4,NOP,PHI,24,17,2,1,1,1,6,10,60.0,5,7,71.4,0,0,,85.0,0,2,0,1,+14
ANTONIO REEVES,3/28/2025,5,NOP,GSW,19,5,2,1,0,0,2,4,50.0,0,1,0.0,1,2,50.0,51.2,0,2,2,1,-17
ANTONIO REEVES,3/30/2025,6,NOP,CHA,28,16,3,2,0,0,6,10,60.0,4,5,80.0,0,0,,80.0,0,3,2,5,-2
ANTONIO REEVES,4/2/2025,7,NOP,LAC,33,11,0,1,0,0,5,10,50.0,1,4,25.0,0,0,,55.0,0,0,1,1,-9
ANTONIO REEVES,4/4/2025,8,NOP,LAL,23,10,0,0,0,0,4,10,40.0,2,7,28.6,0,0,,50.0,0,0,1,2,-8
ANTONIO REEVES,4/6/2025,9,NOP,MIL,37,23,2,2,2,0,8,18,44.4,5,9,55.6,2,2,100.0,60.9,1,1,4,3,+3
ANTONIO REEVES,4/8/2025,10,NOP,BKN,30,17,3,2,2,0,5,14,35.7,4,10,40.0,3,3,100.0,55.5,1,2,1,2,+1
ANTHONY EDWARDS,3/17/2025,1,MIN,IND,41,38,3,5,2,2,9,24,37.5,1,11,9.1,19,20,95.0,57.9,0,3,3,3,-7
ANTHONY EDWARDS,3/19/2025,2,MIN,NOP,38,29,6,4,1,1,5,19,26.3,4,10,40.0,15,17,88.2,54.8,2,4,2,0,-6
ANTHONY EDWARDS,3/21/2025,3,MIN,NOP,26,17,3,5,2,0,6,13,46.2,3,7,42.9,2,2,100.0,61.2,2,1,3,0,+21
ANTHONY EDWARDS,3/24/2025,4,MIN,IND,34,17,2,4,1,0,7,19,36.8,1,11,9.1,2,3,66.7,41.8,0,2,3,2,-24
ANTHONY EDWARDS,3/28/2025,5,MIN,PHX,28,20,4,5,1,0,8,19,42.1,4,10,40.0,0,0,,52.6,3,1,2,1,+9
ANTHONY EDWARDS,3/30/2025,6,MIN,DET,36,25,6,4,0,2,9,19,47.4,4,10,40.0,3,4,75.0,60.2,0,6,4,4,+5
ANTHONY EDWARDS,4/1/2025,7,MIN,DEN,50,34,10,8,1,0,12,25,48.0,5,15,33.3,5,7,71.4,60.5,1,9,5,4,+8
ANTHONY EDWARDS,4/3/2025,8,MIN,BKN,32,28,5,3,2,1,10,15,66.7,5,10,50.0,3,5,60.0,81.4,1,4,2,3,+17
ANTHONY EDWARDS,4/5/2025,9,MIN,PHI,38,37,2,2,1,1,12,21,57.1,6,13,46.2,7,8,87.5,75.4,1,1,2,1,-4
ANTHONY EDWARDS,4/8/2025,10,MIN,MIL,39,25,7,4,1,1,10,27,37.0,2,11,18.2,3,3,100.0,44.1,1,6,2,4,-4
JA MORANT,3/7/2025,1,MEM,DAL,35,31,4,8,1,0,13,29,44.8,1,5,20.0,4,5,80.0,49.7,1,3,3,3,+16
JA MORANT,3/9/2025,2,MEM,NOP,37,32,4,6,3,0,11,23,47.8,3,9,33.3,7,11,63.6,57.5,1,3,1,3,+11
JA MORANT,3/10/2025,3,MEM,PHX,34,29,4,12,1,0,9,13,69.2,1,5,20.0,10,10,100.0,83.3,1,3,5,3,+15
JA MORANT,3/12/2025,4,MEM,UTA,31,28,1,7,1,0,8,17,47.1,4,7,57.1,8,11,72.7,64.1,0,1,2,0,+3
JA MORANT,3/14/2025,5,MEM,CLE,35,44,8,7,1,0,17,22,77.3,1,4,25.0,9,10,90.0,83.3,0,8,2,3,-6
JA MORANT,3/29/2025,6,MEM,LAL,31,22,8,10,1,0,9,23,39.1,1,5,20.0,3,5,60.0,43.7,1,7,4,3,0
JA MORANT,3/31/2025,7,MEM,BOS,35,26,6,5,2,0,10,20,50.0,2,7,28.6,4,6,66.7,57.4,1,5,2,1,-6
JA MORANT,4/1/2025,8,MEM,GSW,33,36,3,6,2,0,14,22,63.6,5,8,62.5,3,3,100.0,77.2,0,3,6,4,-11
JA MORANT,4/3/2025,9,MEM,MIA,32,30,5,3,1,0,11,22,50.0,3,7,42.9,5,6,83.3,60.9,2,3,4,4,+3
JA MORANT,4/8/2025,10,MEM,CHA,27,28,5,8,0,1,10,21,47.6,4,10,40.0,4,4,100.0,61.5,3,2,0,1,+31
JULIUS RANDLE,3/17/2025,1,MIN,IND,41,17,6,4,1,0,5,11,45.5,1,2,50.0,6,10,60.0,55.2,1,5,4,2,-6
JULIUS RANDLE,3/19/2025,2,MIN,NOP,28,17,3,3,0,1,7,10,70.0,2,4,50.0,1,2,50.0,78.1,0,3,6,2,-20
JULIUS RANDLE,3/21/2025,3,MIN,NOP,25,20,6,5,2,0,7,11,63.6,2,5,40.0,4,4,100.0,78.4,4,2,2,3,+13
JULIUS RANDLE,3/24/2025,4,MIN,IND,24,9,6,2,0,0,3,7,42.9,0,2,0.0,3,5,60.0,48.9,1,5,2,1,-12
JULIUS RANDLE,3/28/2025,5,MIN,PHX,32,25,6,8,1,1,9,15,60.0,2,4,50.0,5,5,100.0,72.7,1,5,0,1,+7
JULIUS RANDLE,3/30/2025,6,MIN,DET,32,26,8,5,0,1,9,18,50.0,1,4,25.0,7,7,100.0,61.7,2,6,2,3,+14
JULIUS RANDLE,4/1/2025,7,MIN,DEN,50,26,9,7,1,0,11,22,50.0,4,8,50.0,0,0,,59.1,2,7,4,5,+1
JULIUS RANDLE,4/3/2025,8,MIN,BKN,27,11,8,4,0,0,4,11,36.4,3,8,37.5,0,0,,50.0,2,6,4,3,+2
JULIUS RANDLE,4/5/2025,9,MIN,PHI,33,15,5,4,0,0,5,11,45.5,0,2,0.0,5,9,55.6,50.1,2,3,0,3,-11
JULIUS RANDLE,4/8/2025,10,MIN,MIL,35,9,7,6,1,0,3,8,37.5,1,3,33.3,2,2,100.0,50.7,1,6,5,4,-16
NAZ REID,3/16/2025,1,MIN,UTA,20,5,9,3,3,1,2,10,20.0,0,5,0.0,1,2,50.0,23.0,4,5,3,1,+11
NAZ REID,3/17/2025,2,MIN,IND,30,21,4,0,1,1,9,16,56.3,3,7,42.9,0,0,,65.6,1,3,2,3,+5
NAZ REID,3/19/2025,3,MIN,NOP,34,9,7,4,1,1,3,11,27.3,2,7,28.6,1,2,50.0,37.9,2,5,1,1,+6
NAZ REID,3/21/2025,4,MIN,NOP,24,15,5,6,1,0,6,13,46.2,3,8,37.5,0,0,,57.7,0,5,0,1,+19
NAZ REID,3/24/2025,5,MIN,IND,26,20,3,2,0,0,8,13,61.5,3,6,50.0,1,2,50.0,72.0,0,3,1,2,-5
NAZ REID,3/28/2025,6,MIN,PHX,26,9,7,4,1,0,3,7,42.9,3,5,60.0,0,0,,64.3,1,6,1,2,+3
NAZ REID,3/30/2025,7,MIN,DET,10,2,2,1,0,0,1,3,33.3,0,1,0.0,0,0,,33.3,0,2,0,0,+2
NAZ REID,4/3/2025,8,MIN,BKN,26,13,2,3,0,1,5,9,55.6,1,4,25.0,2,2,100.0,65.8,0,2,2,1,+9
NAZ REID,4/5/2025,9,MIN,PHI,27,9,7,2,0,2,4,10,40.0,0,5,0.0,1,2,50.0,41.4,0,7,5,3,+11
NAZ REID,4/8/2025,10,MIN,MIL,26,17,4,3,1,0,7,12,58.3,3,7,42.9,0,0,,70.8,1,3,0,1,+7
SANTI ALDAMA,3/19/2025,1,MEM,POR,27,16,5,1,0,0,6,10,60.0,2,4,50.0,2,3,66.7,70.7,1,4,0,0,-1
SANTI ALDAMA,3/21/2025,2,MEM,LAC,32,16,5,7,1,0,5,11,45.5,3,8,37.5,3,5,60.0,60.6,1,4,1,0,-22
SANTI ALDAMA,3/25/2025,3,MEM,UTA,23,9,5,3,0,0,3,7,42.9,2,6,33.3,1,2,50.0,57.1,1,4,1,1,+7
SANTI ALDAMA,3/27/2025,4,MEM,OKC,26,10,5,5,1,0,3,9,33.3,1,6,16.7,3,4,75.0,46.5,0,5,0,1,-20
SANTI ALDAMA,3/29/2025,5,MEM,LAL,26,8,5,2,0,0,4,10,40.0,0,4,0.0,0,0,,40.0,1,4,4,3,-7
SANTI ALDAMA,3/31/2025,6,MEM,BOS,36,21,8,4,1,0,8,18,44.4,3,12,25.0,2,2,100.0,55.6,1,7,4,1,-13
SANTI ALDAMA,4/1/2025,7,MEM,GSW,30,18,6,1,1,0,6,11,54.5,4,6,66.7,2,3,66.7,73.1,2,4,1,3,-26
SANTI ALDAMA,4/3/2025,8,MEM,MIA,30,9,8,2,2,0,3,7,42.9,3,7,42.9,0,0,,64.3,2,6,2,1,-4
SANTI ALDAMA,4/5/2025,9,MEM,DET,24,9,5,2,0,0,3,6,50.0,0,3,0.0,3,4,75.0,58.0,1,4,2,4,-17
SANTI ALDAMA,4/8/2025,10,MEM,CHA,25,11,3,2,2,0,4,9,44.4,3,7,42.9,0,0,,61.1,0,3,1,1,+4
RUDY GOBERT,3/17/2025,1,MIN,IND,22,3,7,1,0,3,1,2,50.0,0,0,,1,2,50.0,52.1,3,4,0,1,0
RUDY GOBERT,3/19/2025,2,MIN,NOP,31,10,9,1,0,1,3,4,75.0,0,0,,4,6,66.7,75.3,2,7,0,4,+4
RUDY GOBERT,3/21/2025,3,MIN,NOP,30,15,11,3,3,0,4,5,80.0,0,0,,7,8,87.5,88.0,2,9,1,4,+34
RUDY GOBERT,3/24/2025,4,MIN,IND,35,16,16,3,0,0,8,12,66.7,0,0,,0,0,,66.7,5,11,2,0,-3
RUDY GOBERT,3/28/2025,5,MIN,PHX,38,17,13,1,4,1,8,9,88.9,0,0,,1,2,50.0,86.0,5,8,4,5,+20
RUDY GOBERT,3/30/2025,6,MIN,DET,38,19,25,0,0,1,8,16,50.0,0,0,,3,4,75.0,53.5,10,15,1,3,+18
RUDY GOBERT,4/1/2025,7,MIN,DEN,40,19,12,1,1,0,7,11,63.6,0,0,,5,9,55.6,63.5,6,6,0,6,-10
RUDY GOBERT,4/3/2025,8,MIN,BKN,36,21,18,1,0,2,9,10,90.0,0,0,,3,6,50.0,83.1,4,14,0,2,+14
RUDY GOBERT,4/5/2025,9,MIN,PHI,36,23,19,2,2,3,10,11,90.9,0,0,,3,4,75.0,90.1,8,11,1,3,+10
RUDY GOBERT,4/8/2025,10,MIN,MIL,34,6,9,2,1,0,3,4,75.0,0,0,,0,0,,75.0,2,7,1,4,-5
DESMOND BANE,3/19/2025,1,MEM,POR,36,20,7,4,2,0,7,16,43.8,2,7,28.6,4,5,80.0,54.9,2,5,2,4,-15
DESMOND BANE,3/21/2025,2,MEM,LAC,33,10,5,4,1,0,3,7,42.9,2,5,40.0,2,2,100.0,63.5,1,4,2,3,-26
DESMOND BANE,3/25/2025,3,MEM,UTA,30,21,4,6,1,1,8,16,50.0,2,4,50.0,3,3,100.0,60.6,1,3,1,0,+20
DESMOND BANE,3/27/2025,4,MEM,OKC,32,3,2,6,1,0,1,12,8.3,1,9,11.1,0,0,,12.5,1,1,3,3,-30
DESMOND BANE,3/29/2025,5,MEM,LAL,33,29,4,6,2,0,12,18,66.7,5,8,62.5,0,0,,80.6,1,3,0,2,+3
DESMOND BANE,3/31/2025,6,MEM,BOS,31,12,2,3,1,0,5,11,45.5,1,5,20.0,1,1,100.0,52.4,0,2,3,4,-16
DESMOND BANE,4/1/2025,7,MEM,GSW,35,19,4,5,2,1,6,15,40.0,4,10,40.0,3,3,100.0,58.2,0,4,3,0,-13
DESMOND BANE,4/3/2025,8,MEM,MIA,36,17,9,6,1,0,6,23,26.1,1,9,11.1,4,4,100.0,34.3,2,7,0,2,-1
DESMOND BANE,4/5/2025,9,MEM,DET,38,38,7,3,0,0,15,23,65.2,4,7,57.1,4,4,100.0,76.7,0,7,2,1,+3
DESMOND BANE,4/8/2025,10,MEM,CHA,25,19,5,3,0,0,6,11,54.5,3,5,60.0,4,4,100.0,74.5,0,5,1,2,+25
